Keyword,Seed,Source,Country,Autocomplete Position,Difficulty,Hot Keyword,Relevancy Score
power bank,powerbank,amazon,United States,1,9,Yes,100
anker powerbank,powerbank,amazon,United States,3,9,Yes,95.07
powerbank fast charging,powerbank,amazon,United States,2,8,Yes,95.04
powerbank magsafe,powerbank,amazon,United States,5,8,Yes,90.06
powerbank for iphone,powerbank,amazon,United States,4,7,Yes,90.05
ridge powerbank,powerbank,amazon,United States,6,8,Yes,87.57
powerbank 50000mah,powerbank,amazon,United States,7,8,Yes,80.06
powerbank for camping,powerbank,amazon,United States,8,7,Yes,75.12
anker powerbank built in cable,powerbank,amazon,United States,8,5,Yes,75.04
powerbank 50000+mah,powerbank,amazon,United States,9,8,Yes,72.61
powerbank charger,powerbank,amazon,United States,9,8,Yes,72.5
powerbank 20000mah,powerbank,amazon,United States,10,8,Yes,70.1
powerbank ugreen,powerbank,amazon,United States,10,8,Yes,70.1
powerbank iphone,powerbank,amazon,United States,1,9,No,97.56
powerbank 10000mah,powerbank,amazon,United States,1,9,No,96.95
powerbank 45w,powerbank,amazon,United States,1,9,No,96.67
powerbank outlet,powerbank,amazon,United States,1,9,No,96.65
powerbank 65w,powerbank,amazon,United States,1,9,No,96.36
powerbank laptop,powerbank,amazon,United States,1,9,No,96.34
powerbank xiaomi,powerbank,amazon,United States,1,9,No,96.34
powerbank apple,powerbank,amazon,United States,1,9,No,96.05
powerbank solar,powerbank,amazon,United States,1,9,No,96.05
powerbank holder,powerbank,amazon,United States,1,9,No,96.04
powerbank qi2,powerbank,amazon,United States,1,9,No,95.75
powerbank 70000mah,powerbank,amazon,United States,1,9,No,95.73
powerbank ecoflow,powerbank,amazon,United States,1,9,No,95.73
powerbank keychain,powerbank,amazon,United States,1,9,No,95.73
powerbank nitecore,powerbank,amazon,United States,1,9,No,95.73
powerbank 99wh,powerbank,amazon,United States,1,9,No,95.44
powerbank dock,powerbank,amazon,United States,1,9,No,95.44
powerbank yellow,powerbank,amazon,United States,1,9,No,95.43
powerbank generator,powerbank,amazon,United States,1,9,No,95.42
powerbank jump starter,powerbank,amazon,United States,1,8,No,95.05
powerbank tsa approved,powerbank,amazon,United States,1,8,No,95.05
powerbank portable charger,powerbank,amazon,United States,1,8,No,95.04
powerbank retractable cable,powerbank,amazon,United States,1,8,No,95.04
powerbank 30000mah fast charging,powerbank,amazon,United States,1,6,No,92.53
powerbank voice activated recorder,powerbank,amazon,United States,1,6,No,91.95
powerbank case,powerbank,amazon,United States,2,8,No,91.7
powerbank ridge,powerbank,amazon,United States,2,8,No,91.41
powerbank iniu,powerbank,amazon,United States,2,8,No,91.12
powerbank slim,powerbank,amazon,United States,2,8,No,91.12
powerbank 40000mah,powerbank,amazon,United States,2,8,No,91.11
powerbank portable,powerbank,amazon,United States,2,8,No,91.11
powerbank lightning,powerbank,amazon,United States,2,8,No,91.1
powerbank hub,powerbank,amazon,United States,2,8,No,90.85
powerbank 30000mah,powerbank,amazon,United States,2,8,No,90.83
powerbank 60000mah,powerbank,amazon,United States,2,8,No,90.83
powerbank 80000mah,powerbank,amazon,United States,2,8,No,90.83
powerbank baseus,powerbank,amazon,United States,2,8,No,90.83
powerbank magnetic,powerbank,amazon,United States,2,8,No,90.83
powerbank gan,powerbank,amazon,United States,2,8,No,90.56
powerbank 90000,powerbank,amazon,United States,2,8,No,90.55
powerbank deals,powerbank,amazon,United States,2,8,No,90.55
powerbank qi2.2,powerbank,amazon,United States,2,8,No,90.55
powerbank vrurc,powerbank,amazon,United States,2,8,No,90.55
powerbank earbuds,powerbank,amazon,United States,2,8,No,90.54
powerbank orange,powerbank,amazon,United States,2,8,No,90.54
powerbank 20000+mah,powerbank,amazon,United States,2,8,No,90.53
powerbank 70000+mah,powerbank,amazon,United States,2,8,No,90.53
powerbank kickstand,powerbank,amazon,United States,2,8,No,90.53
powerbank xiaomi magsafe,powerbank,amazon,United States,2,7,No,90.04
powerbank with built in cable,powerbank,amazon,United States,1,5,No,90.03
powerbank usb c,powerbank,amazon,United States,2,7,No,89.51
powerbank ac outlet,powerbank,amazon,United States,2,7,No,89.21
powerbank type c,powerbank,amazon,United States,2,7,No,88.65
powerbank jump starter t11f,powerbank,amazon,United States,2,6,No,87.54
powerbank with wall plug,powerbank,amazon,United States,2,6,No,87.54
anker magsafe powerbank 10000mah,powerbank,amazon,United States,2,6,No,87.53
powerbank 80000mah power bank fast charging,powerbank,amazon,United States,1,4,No,87.52
powerbank nintendo switch 2,powerbank,amazon,United States,2,6,No,86.45
powerbank travel,powerbank,amazon,United States,3,8,No,86.19
powerbank 75w,powerbank,amazon,United States,3,8,No,85.67
powerbank 99w,powerbank,amazon,United States,3,8,No,85.67
powerbank kit,powerbank,amazon,United States,3,8,No,85.67
powerbank 50000,powerbank,amazon,United States,3,8,No,85.66
powerbank 80000,powerbank,amazon,United States,3,8,No,85.66
powerbank green,powerbank,amazon,United States,3,8,No,85.66
powerbank jackery,powerbank,amazon,United States,3,8,No,85.65
powerbank samsung,powerbank,amazon,United States,3,8,No,85.65
powerbank 40000+mah,powerbank,amazon,United States,3,8,No,85.64
powerbank energizer,powerbank,amazon,United States,3,8,No,85.64
powerbank lightweight,powerbank,amazon,United States,3,8,No,85.64
powerbank qi,powerbank,amazon,United States,3,8,No,85.39
powerbank xl,powerbank,amazon,United States,3,8,No,85.39
powerbank anker 20000,powerbank,amazon,United States,3,7,No,85.05
powerbank iphone 17,powerbank,amazon,United States,3,7,No,85.05
powerbank phone case,powerbank,amazon,United States,3,7,No,85.05
anker powerbank magsafe,powerbank,amazon,United States,3,7,No,85.04
magsafe powerbank 10000mah,powerbank,amazon,United States,3,7,No,85.04
magsafe powerbank 20000mah,powerbank,amazon,United States,3,7,No,85.04
powerbank no cable,powerbank,amazon,United States,3,7,No,84.26
powerbank docking station,powerbank,amazon,United States,3,7,No,84.24
powerbank high capacity,powerbank,amazon,United States,3,7,No,84.24
powerbank voice recorder,powerbank,amazon,United States,3,7,No,84.24
powerbank ccc certified,powerbank,amazon,United States,3,7,No,83.98
powerbank 3c certified,powerbank,amazon,United States,3,7,No,83.46
powerbank on sale,powerbank,amazon,United States,3,7,No,83.2
powerbank retractable usb c,powerbank,amazon,United States,3,6,No,82.54
powerbank with ac outlet,powerbank,amazon,United States,3,6,No,82.54
powerbank 60000mah fast charging,powerbank,amazon,United States,3,6,No,82.53
powerbank built in cables,powerbank,amazon,United States,3,6,No,82.28
powerbank nano,powerbank,amazon,United States,4,8,No,81.28
powerbank 100w,powerbank,amazon,United States,4,8,No,81.02
powerbank usbc,powerbank,amazon,United States,4,8,No,81.02
powerbank 60w,powerbank,amazon,United States,4,8,No,80.78
powerbank 90w,powerbank,amazon,United States,4,8,No,80.78
powerbank 30000,powerbank,amazon,United States,4,8,No,80.77
powerbank 40000,powerbank,amazon,United States,4,8,No,80.77
powerbank 5000,powerbank,amazon,United States,4,8,No,80.77
powerbank pouch,powerbank,amazon,United States,4,8,No,80.77
powerbank veger,powerbank,amazon,United States,4,8,No,80.77
powerbank belkin,powerbank,amazon,United States,4,8,No,80.76
powerbank dewalt,powerbank,amazon,United States,4,8,No,80.76
powerbank europe,powerbank,amazon,United States,4,8,No,80.76
powerbank keyboard,powerbank,amazon,United States,4,8,No,80.76
powerbank router,powerbank,amazon,United States,4,8,No,80.76
powerbank 80000+mah,powerbank,amazon,United States,4,8,No,80.75
powerbank organizer,powerbank,amazon,United States,4,8,No,80.75
powerbank for laptop,powerbank,amazon,United States,4,7,No,80.05
powerbank qi2 magsafe,powerbank,amazon,United States,4,7,No,80.05
anker nano powerbank usb c,powerbank,amazon,United States,3,5,No,80.04
powerbank 20000mah anker,powerbank,amazon,United States,4,7,No,80.04
powerbank lightning cable,powerbank,amazon,United States,4,7,No,80.04
powerbank solar charger,powerbank,amazon,United States,4,7,No,80.04
powerbank xiaomi 20000mah,powerbank,amazon,United States,4,7,No,80.04
ridge powerbank magsafe,powerbank,amazon,United States,4,7,No,80.04
powerbank carrying case,powerbank,amazon,United States,4,7,No,79.54
powerbank apple watch,powerbank,amazon,United States,4,7,No,79.3
powerbank hidden camera,powerbank,amazon,United States,4,7,No,79.04
powerbank game console,powerbank,amazon,United States,4,7,No,78.55
powerbank 70000mah fast charging,powerbank,amazon,United States,4,5,No,77.53
powerbank 20000,powerbank,amazon,United States,5,8,No,76.6
powerbank phone,powerbank,amazon,United States,5,8,No,76.36
powerbank large,powerbank,amazon,United States,5,8,No,76.12
powerbank 30w,powerbank,amazon,United States,5,8,No,75.88
powerbank 80w,powerbank,amazon,United States,5,8,No,75.88
powerbank bag,powerbank,amazon,United States,5,8,No,75.88
powerbank diy,powerbank,amazon,United States,5,8,No,75.88
powerbank 60000,powerbank,amazon,United States,5,8,No,75.87
powerbank notebook,powerbank,amazon,United States,5,8,No,75.86
powerbank outdoor,powerbank,amazon,United States,5,8,No,75.86
powerbank rental,powerbank,amazon,United States,5,8,No,75.86
powerbank vending,powerbank,amazon,United States,5,8,No,75.86
powerbank 75000+mah,powerbank,amazon,United States,5,8,No,75.85
powerbank emergency,powerbank,amazon,United States,5,8,No,75.85
anker powerbank case,powerbank,amazon,United States,5,7,No,75.05
magsafe powerbank slim,powerbank,amazon,United States,5,7,No,75.05
powerbank gor iphone,powerbank,amazon,United States,5,7,No,75.05
powerbank iphone 13,powerbank,amazon,United States,5,7,No,75.05
powerbank xiaomi 20000,powerbank,amazon,United States,5,7,No,75.05
anker powerbank 10000mah,powerbank,amazon,United States,5,7,No,75.04
iphone powerbank magsafe,powerbank,amazon,United States,5,7,No,75.04
powerbank 50000mah magsafe,powerbank,amazon,United States,5,7,No,75.04
powerbank anker magsafe,powerbank,amazon,United States,5,7,No,75.04
powerbank iphone 17 pro max,powerbank,amazon,United States,4,5,No,75.04
powerbank ugreen magsafe,powerbank,amazon,United States,5,7,No,75.04
powerbank wireless charger,powerbank,amazon,United States,5,7,No,75.04
powerbank jump starter for car,powerbank,amazon,United States,4,5,No,75.03
powerbank tsa approved airplane 100wh,powerbank,amazon,United States,4,5,No,75.03
powerbank with apple watch charger,powerbank,amazon,United States,4,5,No,75.03
powerbank qi 2.2,powerbank,amazon,United States,5,7,No,73.65
powerbank keep alive,powerbank,amazon,United States,5,7,No,73.64
powerbank 9v 3amp,powerbank,amazon,United States,5,7,No,73.42
powerbank 45w fast charging,powerbank,amazon,United States,5,5,No,72.54
powerbank jump starter 10400,powerbank,amazon,United States,5,5,No,72.54
magnetic powerbank for iphone,powerbank,amazon,United States,5,5,No,72.53
powerbank tsa approved airplane,powerbank,amazon,United States,5,5,No,72.53
powerbank usb,powerbank,amazon,United States,6,8,No,72.13
powerbank high capacity 20000mah+,powerbank,amazon,United States,5,5,No,72.08
powerbank station,powerbank,amazon,United States,6,8,No,71.65
powerbank ccc,powerbank,amazon,United States,6,8,No,71.22
powerbank 10000,powerbank,amazon,United States,6,8,No,71.21
powerbank dual,powerbank,amazon,United States,6,8,No,71.21
powerbank tripod,powerbank,amazon,United States,6,8,No,71.2
powerbank big,powerbank,amazon,United States,6,8,No,70.99
powerbank pink,powerbank,amazon,United States,6,8,No,70.98
powerbank redmi,powerbank,amazon,United States,6,8,No,70.98
powerbank xt60,powerbank,amazon,United States,6,8,No,70.98
powerbank 5000mah,powerbank,amazon,United States,6,8,No,70.97
powerbank 90000mah,powerbank,amazon,United States,6,8,No,70.97
powerbank nexode,powerbank,amazon,United States,6,8,No,70.97
powerbank 60000+mah,powerbank,amazon,United States,6,8,No,70.96
powerbank 3c,powerbank,amazon,United States,6,8,No,70.77
powerbank iphone 16,powerbank,amazon,United States,6,7,No,70.05
powerbank with cables,powerbank,amazon,United States,6,7,No,70.05
powerbank airplane approved,powerbank,amazon,United States,6,7,No,70.04
powerbank magsafe 20000mah,powerbank,amazon,United States,6,7,No,70.04
powerbank overnight delivery,powerbank,amazon,United States,6,7,No,68.95
powerbank galaxy s26,powerbank,amazon,United States,6,7,No,68.74
powerbank heavy duty,powerbank,amazon,United States,6,7,No,68.74
powerbank key chain,powerbank,amazon,United States,6,7,No,68.74
powerbank velvet caviar,powerbank,amazon,United States,6,7,No,68.73
power bank 0.2,powerbank,amazon,United States,2,7,No,67.57
power bank 0.3 inch 10000mah,powerbank,amazon,United States,1,4,No,67.54
power bank iniu zapmini 10k,powerbank,amazon,United States,1,4,No,67.54
portable powerbank fast charging,powerbank,amazon,United States,6,5,No,67.53
powerbank 20000mah fast charging,powerbank,amazon,United States,6,5,No,67.53
powerbank 40000mah fast charging,powerbank,amazon,United States,6,5,No,67.53
powerbank qi 2.2 25w,powerbank,amazon,United States,6,5,No,66.5
powerbank ecoflow delta 2,powerbank,amazon,United States,6,5,No,66.49
powerbank lightning and usb c,powerbank,amazon,United States,6,4,No,65.03
powerbank jump starter with aircompressor,powerbank,amazon,United States,6,4,No,65.02
power bank 0.3,powerbank,amazon,United States,3,7,No,63.82
power bank iniu zapmμινι 10k,powerbank,amazon,United States,2,4,No,63.79
powerbank recorder,powerbank,amazon,United States,7,8,No,61.58
powerbank wireless,powerbank,amazon,United States,7,8,No,61.58
powerbank camping,powerbank,amazon,United States,7,8,No,61.39
powerbank 40w,powerbank,amazon,United States,7,8,No,61.21
powerbank edc,powerbank,amazon,United States,7,8,No,61.21
powerbank 300w,powerbank,amazon,United States,7,8,No,61.2
powerbank diary,powerbank,amazon,United States,7,8,No,61.2
powerbank klein,powerbank,amazon,United States,7,8,No,61.2
powerbank small,powerbank,amazon,United States,7,8,No,61.2
powerbank thin,powerbank,amazon,United States,7,8,No,61.2
powerbank 25000mah,powerbank,amazon,United States,7,8,No,61.19
powerbank 90000+mah,powerbank,amazon,United States,7,8,No,61.18
powerbank pd,powerbank,amazon,United States,7,8,No,61.02
power bank 0.5kwh,powerbank,amazon,United States,4,7,No,60.06
powerbank 65w 20000mah,powerbank,amazon,United States,7,7,No,60.05
powerbank anker nano,powerbank,amazon,United States,7,7,No,60.05
powerbank iphone 15,powerbank,amazon,United States,7,7,No,60.05
powerbank ugreen 20000,powerbank,amazon,United States,7,7,No,60.05
powerbank 50000mah anker,powerbank,amazon,United States,7,7,No,60.04
powerbank laptop charger,powerbank,amazon,United States,7,7,No,60.04
powerbank outlet cheap,powerbank,amazon,United States,7,7,No,59.67
powerbank google pixel,powerbank,amazon,United States,7,7,No,59.3
powerbank holder for tripod,powerbank,amazon,United States,7,4,No,57.54
powerbank jump start charger,powerbank,amazon,United States,7,4,No,57.54
powerbank magsafe 10000 mah,powerbank,amazon,United States,7,4,No,57.54
powerbank quick charge 45w,powerbank,amazon,United States,7,4,No,57.54
powerbank 100000mah power bank,powerbank,amazon,United States,7,4,No,57.53
powerbank fast charging iphone,powerbank,amazon,United States,7,4,No,57.53
powerbank built in wall plug,powerbank,amazon,United States,7,3,No,55.04
powerbank camera,powerbank,amazon,United States,8,8,No,51.74
powerbank mini,powerbank,amazon,United States,8,8,No,51.59
powerbank 100000mah,powerbank,amazon,United States,8,8,No,51.57
powerbank red,powerbank,amazon,United States,8,8,No,51.43
powerbank 35000,powerbank,amazon,United States,8,8,No,51.42
powerbank girly,powerbank,amazon,United States,8,8,No,51.42
powerbank huge,powerbank,amazon,United States,8,8,No,51.42
powerbank light,powerbank,amazon,United States,8,8,No,51.42
powerbank 27000mah,powerbank,amazon,United States,8,8,No,51.41
powerbank battery,powerbank,amazon,United States,8,8,No,51.41
powerbank 45w 20000mah,powerbank,amazon,United States,8,7,No,50.05
powerbank iphone 12,powerbank,amazon,United States,8,7,No,50.05
powerbank with outlet,powerbank,amazon,United States,8,7,No,50.05
powerbank phone charger,powerbank,amazon,United States,8,7,No,50.04
powerbank ugreen 10000mah,powerbank,amazon,United States,8,7,No,50.04
powerbank quick charge,powerbank,amazon,United States,8,7,No,49.89
powerbank 50000+mah 65w,powerbank,amazon,United States,8,7,No,49.88
powerbank nobis 45w,powerbank,amazon,United States,8,7,No,49.74
powerbank airline approved,powerbank,amazon,United States,8,7,No,49.73
powerbank 65w pd,powerbank,amazon,United States,8,7,No,49.44
powerbank keychain flashlight,powerbank,amazon,United States,8,7,No,49.25
powerbank extension cord,powerbank,amazon,United States,8,7,No,49.1
powerbank otterbox 3k,powerbank,amazon,United States,8,7,No,48.96
powerbank to charge laptop,powerbank,amazon,United States,8,3,No,47.54
ridge powerbank for iphone,powerbank,amazon,United States,8,3,No,47.54
powerbank 900000mah power bank,powerbank,amazon,United States,8,3,No,47.53
power bank naranja,powerbank,amazon,United States,7,7,No,45.06
powerbank jump start air compressor,powerbank,amazon,United States,8,3,No,45.03
powerbank safe for plane travel,powerbank,amazon,United States,8,3,No,45.03
powerbank dual usb c built in,powerbank,amazon,United States,8,2,No,42.53
powerbank tsa,powerbank,amazon,United States,9,8,No,42.05
powerbank 25000,powerbank,amazon,United States,9,8,No,41.91
powerbank retractable,powerbank,amazon,United States,9,8,No,41.89
powerbank q30,powerbank,amazon,United States,9,8,No,41.65
powerbank bulk,powerbank,amazon,United States,9,8,No,41.64
powerbank inui,powerbank,amazon,United States,9,8,No,41.64
powerbank kids,powerbank,amazon,United States,9,8,No,41.64
powerbank dashcam,powerbank,amazon,United States,9,8,No,41.63
powerbank orashare,powerbank,amazon,United States,9,8,No,41.63
powerbank 100000+mah,powerbank,amazon,United States,9,8,No,41.62
powerbank enclosure,powerbank,amazon,United States,9,8,No,41.62
powerbank jumpstart,powerbank,amazon,United States,9,8,No,41.62
powerbank anker 25000,powerbank,amazon,United States,9,7,No,40.05
powerbank 50000+mah magsafe,powerbank,amazon,United States,9,7,No,40.04
powerbank plug in,powerbank,amazon,United States,9,7,No,39.44
powerbank usbc output,powerbank,amazon,United States,9,7,No,39.43
powerbank starlink mini,powerbank,amazon,United States,9,7,No,39.42
powerbank 4 pack,powerbank,amazon,United States,9,7,No,39.31
powerbank 600 watts,powerbank,amazon,United States,9,7,No,39.3
powerbank long lasting,powerbank,amazon,United States,9,7,No,39.3
powerbank charger for iphone,powerbank,amazon,United States,9,3,No,37.54
powerbank holder for camera,powerbank,amazon,United States,9,3,No,37.54
powerbank with solar panel,powerbank,amazon,United States,9,3,No,37.54
powerbank fast charging magsafe,powerbank,amazon,United States,9,3,No,37.53
powerbank magsafe fast charging,powerbank,amazon,United States,9,3,No,37.53
powerbank google pixel 8a,powerbank,amazon,United States,9,3,No,37.07
powerbank nitecore nb10000 gen4,powerbank,amazon,United States,9,3,No,37.06
powerbank 3 in 1,powerbank,amazon,United States,9,3,No,36.62
powerbank 100wh,powerbank,amazon,United States,10,8,No,31.96
powerbank overnight,powerbank,amazon,United States,10,8,No,31.94
powerbank dji,powerbank,amazon,United States,10,8,No,31.87
powerbank rosa,powerbank,amazon,United States,10,8,No,31.86
powerbank 5000+mah,powerbank,amazon,United States,10,8,No,31.85
powerbank 600000,powerbank,amazon,United States,10,8,No,31.85
powerbank grande,powerbank,amazon,United States,10,8,No,31.85
powerbank jumper,powerbank,amazon,United States,10,8,No,31.85
powerbank speaker,powerbank,amazon,United States,10,8,No,31.85
powerbank 30000+mah,powerbank,amazon,United States,10,8,No,31.84
powerbank magsafe slim,powerbank,amazon,United States,10,7,No,30.05
powerbank para iphone,powerbank,amazon,United States,10,7,No,30.05
powerbank travel case,powerbank,amazon,United States,10,7,No,30.05
powerbank ugreen 25000,powerbank,amazon,United States,10,7,No,30.05
powerbank wall charger,powerbank,amazon,United States,10,7,No,30.05
powerbank charging station,powerbank,amazon,United States,10,7,No,30.04
powerbank iphone magsafe,powerbank,amazon,United States,10,7,No,30.04
powerbank hub station,powerbank,amazon,United States,10,7,No,29.86
powerbank large capacity,powerbank,amazon,United States,10,7,No,29.76
powerbank nintendo switch,powerbank,amazon,United States,10,7,No,29.66
powerbank 2 pack,powerbank,amazon,United States,10,7,No,29.5
powerbank ear buds,powerbank,amazon,United States,10,7,No,29.5
powerbank kuxiu k1,powerbank,amazon,United States,10,7,No,29.4
powerbank quick charge 100w,powerbank,amazon,United States,10,2,No,27.54
powerbank baseus 20000mah fc11,powerbank,amazon,United States,10,2,No,27.53
wireless powerbank for iphone,powerbank,amazon,United States,10,2,No,27.53
powerbank and charger in one,powerbank,amazon,United States,10,2,No,25.04
powerbank 40000mah fast charging type a and type c,powerbank,amazon,United States,10,1,No,15.02
